model_key,model,accuracy,precision_macro,recall_macro,f1_macro,auc_roc_macro
ensemble,Ensemble (Soft Voting),0.9993510707332901,0.9993988578298767,0.9993508601103538,0.9993742713515973,0.9999998475371533
swin,Swin Transformer (Tiny),0.9990266060999351,0.9990463265464314,0.9989956509972976,0.9990208282458889,0.9999974621437483
maxvit,MaxViT-Tiny,0.9980532121998702,0.9981474891675214,0.9979948936674262,0.9980694229822958,0.9999899839447121
convnextv2,ConvNeXt V2 Base,0.9957819597663855,0.9957888403318766,0.9958131356711165,0.9957998401625519,0.9998920245709474
efficientnetv2,EfficientNetV2-S,0.9957819597663855,0.9959195549876166,0.9957391765305731,0.9958266017146163,0.9999526889782371
