{
  "num_samples": 3082,
  "model_keys": [
    "convnextv2",
    "efficientnetv2",
    "maxvit",
    "swin"
  ],
  "model_names": [
    "ConvNeXt V2",
    "EfficientNetV2-S",
    "MaxViT-Tiny",
    "Swin Transformer"
  ],
  "individual_metrics": {
    "ConvNeXt V2": {
      "accuracy": 0.9957819597663855,
      "f1_macro": 0.9957998401625519,
      "log_loss": 0.015641170235592257,
      "auc_roc_macro": 0.9998920245709474
    },
    "EfficientNetV2-S": {
      "accuracy": 0.9957819597663855,
      "f1_macro": 0.9958266017146163,
      "log_loss": 0.013421525852588918,
      "auc_roc_macro": 0.9999526889782371
    },
    "MaxViT-Tiny": {
      "accuracy": 0.9980532121998702,
      "f1_macro": 0.9980694229822958,
      "log_loss": 0.006942690196593592,
      "auc_roc_macro": 0.9999899839447121
    },
    "Swin Transformer": {
      "accuracy": 0.9990266060999351,
      "f1_macro": 0.9990208282458889,
      "log_loss": 0.00247563695903241,
      "auc_roc_macro": 0.9999974621437483
    }
  },
  "strategies": {
    "Equal Weights (0.25 each)": {
      "weights": {
        "ConvNeXt V2": 0.25,
        "EfficientNetV2-S": 0.25,
        "MaxViT-Tiny": 0.25,
        "Swin Transformer": 0.25
      },
      "metrics": {
        "accuracy": 0.99935107,
        "f1_macro": 0.99937427,
        "log_loss": 0.00476562,
        "auc_roc_macro": 0.99999985
      }
    },
    "Accuracy-Proportional": {
      "weights": {
        "ConvNeXt V2": 0.249654,
        "EfficientNetV2-S": 0.249654,
        "MaxViT-Tiny": 0.250224,
        "Swin Transformer": 0.250468
      },
      "metrics": {
        "accuracy": 0.99935107,
        "f1_macro": 0.99937427,
        "log_loss": 0.00476169,
        "auc_roc_macro": 0.99999985
      }
    },
    "Grid Search (best)": {
      "weights": {
        "ConvNeXt V2": 0.0,
        "EfficientNetV2-S": 0.0,
        "MaxViT-Tiny": 0.5,
        "Swin Transformer": 0.5
      },
      "metrics": {
        "accuracy": 1.0,
        "f1_macro": 1.0,
        "log_loss": 0.00263848,
        "auc_roc_macro": 1.0
      }
    },
    "Scipy Opt (accuracy)": {
      "weights": {
        "ConvNeXt V2": 0.18458,
        "EfficientNetV2-S": 0.221037,
        "MaxViT-Tiny": 0.078129,
        "Swin Transformer": 0.516254
      },
      "metrics": {
        "accuracy": 0.99967554,
        "f1_macro": 0.99967361,
        "log_loss": 0.00370612,
        "auc_roc_macro": 0.99999968
      }
    },
    "Scipy Opt (log-loss)": {
      "weights": {
        "ConvNeXt V2": 0.0,
        "EfficientNetV2-S": 0.0,
        "MaxViT-Tiny": 0.150372,
        "Swin Transformer": 0.849628
      },
      "metrics": {
        "accuracy": 0.99902661,
        "f1_macro": 0.99902083,
        "log_loss": 0.00204254,
        "auc_roc_macro": 0.99999905
      }
    },
    "Scipy Opt (F1)": {
      "weights": {
        "ConvNeXt V2": 0.286746,
        "EfficientNetV2-S": 0.472783,
        "MaxViT-Tiny": 0.103494,
        "Swin Transformer": 0.136978
      },
      "metrics": {
        "accuracy": 0.99967554,
        "f1_macro": 0.99968715,
        "log_loss": 0.00609028,
        "auc_roc_macro": 0.99999786
      }
    },
    "Top-2 (MaxViT-Tiny+Swin Transformer)": {
      "weights": {
        "ConvNeXt V2": 0.0,
        "EfficientNetV2-S": 0.0,
        "MaxViT-Tiny": 0.5,
        "Swin Transformer": 0.5
      },
      "metrics": {
        "accuracy": 1.0,
        "f1_macro": 1.0,
        "log_loss": 0.00263848,
        "auc_roc_macro": 1.0
      }
    }
  },
  "best_strategy": "Grid Search (best)",
  "best_weights": {
    "ConvNeXt V2": 0.0,
    "EfficientNetV2-S": 0.0,
    "MaxViT-Tiny": 0.5,
    "Swin Transformer": 0.5
  },
  "best_metrics": {
    "accuracy": 1.0,
    "f1_macro": 1.0,
    "log_loss": 0.00263848,
    "auc_roc_macro": 1.0
  }
}